-- MySQL dump 10.13  Distrib 8.0.21, for Linux (x86_64)
--
-- Host: localhost    Database: maths
-- ------------------------------------------------------
-- Server version	8.0.21-0ubuntu0.20.04.4

/*!40101 SET @OLD_CHARACTER_SET_CLIENT=@@CHARACTER_SET_CLIENT */;
/*!40101 SET @OLD_CHARACTER_SET_RESULTS=@@CHARACTER_SET_RESULTS */;
/*!40101 SET @OLD_COLLATION_CONNECTION=@@COLLATION_CONNECTION */;
/*!50503 SET NAMES utf8mb4 */;
/*!40103 SET @OLD_TIME_ZONE=@@TIME_ZONE */;
/*!40103 SET TIME_ZONE='+00:00' */;
/*!40014 SET @OLD_UNIQUE_CHECKS=@@UNIQUE_CHECKS, UNIQUE_CHECKS=0 */;
/*!40014 SET @OLD_FOREIGN_KEY_CHECKS=@@FOREIGN_KEY_CHECKS, FOREIGN_KEY_CHECKS=0 */;
/*!40101 SET @OLD_SQL_MODE=@@SQL_MODE, SQL_MODE='NO_AUTO_VALUE_ON_ZERO' */;
/*!40111 SET @OLD_SQL_NOTES=@@SQL_NOTES, SQL_NOTES=0 */;

--
-- Table structure for table `answer`
--

DROP TABLE IF EXISTS `answer`;
/*!40101 SET @saved_cs_client     = @@character_set_client */;
/*!50503 SET character_set_client = utf8mb4 */;
CREATE TABLE `answer` (
  `answer` bigint NOT NULL,
  `question_id` bigint NOT NULL,
  PRIMARY KEY (`question_id`),
  CONSTRAINT `FK8frr4bcabmmeyyu60qt7iiblo` FOREIGN KEY (`question_id`) REFERENCES `question` (`id`)
) ENGINE=InnoDB DEFAULT CHARSET=utf8mb4 COLLATE=utf8mb4_0900_ai_ci;
/*!40101 SET character_set_client = @saved_cs_client */;

--
-- Dumping data for table `answer`
--

LOCK TABLES `answer` WRITE;
/*!40000 ALTER TABLE `answer` DISABLE KEYS */;
INSERT INTO `answer` VALUES (30,2),(8,3),(81,4),(18,5),(4,6),(814,8),(890,9),(2660,10),(930,11),(440,12),(2992,13),(532,14),(1456,15),(2698,16),(520,17),(99,18),(160,19),(5900,20),(2516,21),(672,22),(819,23),(6336,24),(1599,25),(8099,26),(532,27),(8910,28),(1435,29),(1008,30),(5256,31),(6014,32),(180,34),(5680,35),(640,36),(2484,37),(711,38),(5642,39),(3072,40),(1776,41),(7400,42),(7885,43),(765,44),(1140,45),(2414,46),(7488,47),(5740,48),(2664,49),(1701,50),(1058,51),(4104,52),(2379,53),(322,54),(6804,55),(3293,56),(4872,57),(5005,58),(5369,60),(6110,61),(2210,62),(3422,63),(188,64),(7238,65),(1599,66),(1518,67),(588,68),(814,69),(432,70),(4788,71),(7500,72),(1218,73),(1305,74),(7626,75),(2847,76),(4888,77),(480,78),(414,79),(870,80),(2275,81),(492,82),(61,83),(624,84),(7560,111),(5400,112),(9504,113),(390,114),(3008,115),(2263,116),(2961,117),(6916,118),(1512,119),(343,120),(3784,121),(588,122),(1540,123),(1376,124),(525,125),(2250,126),(222,127),(8277,128),(110,129),(1085,155),(1900,156),(5568,157),(900,158),(740,159),(2176,160),(4582,161),(2520,162),(6930,163),(135,164),(6972,165),(1215,166),(558,167),(5893,168),(2400,169),(5236,170),(6468,171),(352,172),(168,173),(2520,174),(198,175),(897,176),(342,177),(2793,203),(318,204),(984,205),(3479,206),(444,207),(3234,208),(900,209),(5530,210),(4154,211),(994,212),(3483,213),(186,214),(2553,215),(2465,216),(1540,217),(1395,218),(1600,219),(6399,220),(30,221),(58,222),(4655,223),(7371,224),(2464,225),(728,226),(5360,252),(5103,253),(8265,254),(2035,255),(500,256),(120,257),(6120,258),(1056,259),(7326,260),(396,261),(1911,262),(4628,263),(806,264),(5025,265),(684,266),(817,267),(1862,268),(2880,269),(5041,270),(3784,271),(7920,272),(194,273),(902,299),(525,300),(1885,301),(5600,302),(8190,303),(6700,304),(1633,305),(64,306),(1254,307),(5525,308),(8096,309),(370,310),(7110,311),(3933,312),(1584,313),(1264,314),(1520,315),(962,316),(8428,317),(1998,318),(3965,319),(5005,320),(372,321),(474,322),(1258,323),(90,349),(98,350),(4100,351),(1152,352),(6264,353),(441,354),(4731,355),(2150,356),(532,357),(2322,358),(112,359),(1836,360),(5046,361),(3552,362),(25,363),(800,364),(1014,365),(450,366),(3172,367),(4806,368),(2337,369),(60,370),(4187,371),(564,372),(4510,398),(264,399),(319,400),(5824,401),(2816,402),(52,403),(4224,404),(2088,405),(3108,406),(768,407),(130634,408),(102643,409),(106655,410),(135572,411),(141820,412),(43,413),(7,414),(36,415),(55,416),(26,417),(20,418),(73410,419),(10047,420),(386,421),(25953,422),(1992,448),(3102,449),(385,450),(183,451),(7372,452),(4860,453),(1600,454),(30,455),(3264,456),(1261,457),(18,458),(6305,459),(6298,460),(3888,461),(4270,462),(1792,463),(1501,464),(1836,465),(710,466),(5796,467),(540,468),(2184,469),(2450,470),(2320,496),(9310,497),(265,498),(1176,499),(1953,500),(600,501),(6059,502),(4984,503),(168,504),(4753,505),(470,506),(230,507),(840,508),(91,509),(1600,510),(3392,511),(945,512),(169,513),(640,514),(270,515),(2565,516),(3762,517),(117,518),(910,519),(2090,520),(4424,546),(387,547),(4929,548),(2275,549),(280,550),(4929,551),(2250,552),(6497,553),(3120,554),(4968,555),(992,556),(1568,557),(4850,558),(3174,559),(6630,560),(1872,561),(6545,562),(2880,563),(2244,564),(50,565),(2790,566),(7623,592),(3726,593),(16,594),(1320,595),(176,596),(3094,597),(885,598),(1260,599),(4984,600),(2432,601),(512,602),(6800,603),(6966,604),(2418,605),(377,606),(6888,607),(300,608),(2880,609),(1958,610),(6975,611),(37,612),(3080,613),(6916,614),(130,615),(2225,641),(279,642),(88,643),(5841,644),(1178,645),(3024,646),(3577,647),(5952,648),(2844,649),(840,650),(840,651),(6664,652),(1121,653),(4248,654),(1080,655),(360,656),(4743,657),(1900,658),(5472,659),(1581,660),(72,661),(5092,662),(1386,663),(6612,664),(7802,665);
/*!40000 ALTER TABLE `answer` ENABLE KEYS */;
UNLOCK TABLES;

--
-- Table structure for table `hibernate_sequence`
--

DROP TABLE IF EXISTS `hibernate_sequence`;
/*!40101 SET @saved_cs_client     = @@character_set_client */;
/*!50503 SET character_set_client = utf8mb4 */;
CREATE TABLE `hibernate_sequence` (
  `next_val` bigint DEFAULT NULL
) ENGINE=InnoDB DEFAULT CHARSET=utf8mb4 COLLATE=utf8mb4_0900_ai_ci;
/*!40101 SET character_set_client = @saved_cs_client */;

--
-- Dumping data for table `hibernate_sequence`
--

LOCK TABLES `hibernate_sequence` WRITE;
/*!40000 ALTER TABLE `hibernate_sequence` DISABLE KEYS */;
INSERT INTO `hibernate_sequence` VALUES (691),(691),(691);
/*!40000 ALTER TABLE `hibernate_sequence` ENABLE KEYS */;
UNLOCK TABLES;

--
-- Table structure for table `question`
--

DROP TABLE IF EXISTS `question`;
/*!40101 SET @saved_cs_client     = @@character_set_client */;
/*!50503 SET character_set_client = utf8mb4 */;
CREATE TABLE `question` (
  `id` bigint NOT NULL,
  `first_number` bigint NOT NULL,
  `operand` varchar(255) DEFAULT NULL,
  `second_number` bigint NOT NULL,
  PRIMARY KEY (`id`)
) ENGINE=InnoDB DEFAULT CHARSET=utf8mb4 COLLATE=utf8mb4_0900_ai_ci;
/*!40101 SET character_set_client = @saved_cs_client */;

--
-- Dumping data for table `question`
--

LOCK TABLES `question` WRITE;
/*!40000 ALTER TABLE `question` DISABLE KEYS */;
INSERT INTO `question` VALUES (2,6,'MUTLIPLICATION',5),(3,4,'MUTLIPLICATION',2),(4,9,'MUTLIPLICATION',9),(5,3,'MUTLIPLICATION',6),(6,1,'MUTLIPLICATION',4),(8,11,'MUTLIPLICATION',74),(9,89,'MUTLIPLICATION',10),(10,28,'MUTLIPLICATION',95),(11,15,'MUTLIPLICATION',62),(12,20,'MUTLIPLICATION',22),(13,34,'MUTLIPLICATION',88),(14,28,'MUTLIPLICATION',19),(15,91,'MUTLIPLICATION',16),(16,71,'MUTLIPLICATION',38),(17,8,'MUTLIPLICATION',65),(18,11,'MUTLIPLICATION',9),(19,10,'MUTLIPLICATION',16),(20,100,'MUTLIPLICATION',59),(21,34,'MUTLIPLICATION',74),(22,24,'MUTLIPLICATION',28),(23,13,'MUTLIPLICATION',63),(24,96,'MUTLIPLICATION',66),(25,41,'MUTLIPLICATION',39),(26,91,'MUTLIPLICATION',89),(27,28,'MUTLIPLICATION',19),(28,90,'MUTLIPLICATION',99),(29,41,'MUTLIPLICATION',35),(30,16,'MUTLIPLICATION',63),(31,73,'MUTLIPLICATION',72),(32,62,'MUTLIPLICATION',97),(34,60,'MUTLIPLICATION',3),(35,71,'MUTLIPLICATION',80),(36,80,'MUTLIPLICATION',8),(37,46,'MUTLIPLICATION',54),(38,79,'MUTLIPLICATION',9),(39,91,'MUTLIPLICATION',62),(40,96,'MUTLIPLICATION',32),(41,37,'MUTLIPLICATION',48),(42,100,'MUTLIPLICATION',74),(43,95,'MUTLIPLICATION',83),(44,51,'MUTLIPLICATION',15),(45,76,'MUTLIPLICATION',15),(46,34,'MUTLIPLICATION',71),(47,78,'MUTLIPLICATION',96),(48,70,'MUTLIPLICATION',82),(49,37,'MUTLIPLICATION',72),(50,21,'MUTLIPLICATION',81),(51,23,'MUTLIPLICATION',46),(52,54,'MUTLIPLICATION',76),(53,61,'MUTLIPLICATION',39),(54,46,'MUTLIPLICATION',7),(55,81,'MUTLIPLICATION',84),(56,37,'MUTLIPLICATION',89),(57,56,'MUTLIPLICATION',87),(58,55,'MUTLIPLICATION',91),(60,91,'MUTLIPLICATION',59),(61,65,'MUTLIPLICATION',94),(62,65,'MUTLIPLICATION',34),(63,58,'MUTLIPLICATION',59),(64,4,'MUTLIPLICATION',47),(65,94,'MUTLIPLICATION',77),(66,41,'MUTLIPLICATION',39),(67,33,'MUTLIPLICATION',46),(68,7,'MUTLIPLICATION',84),(69,37,'MUTLIPLICATION',22),(70,36,'MUTLIPLICATION',12),(71,84,'MUTLIPLICATION',57),(72,100,'MUTLIPLICATION',75),(73,58,'MUTLIPLICATION',21),(74,87,'MUTLIPLICATION',15),(75,93,'MUTLIPLICATION',82),(76,39,'MUTLIPLICATION',73),(77,52,'MUTLIPLICATION',94),(78,15,'MUTLIPLICATION',32),(79,6,'MUTLIPLICATION',69),(80,29,'MUTLIPLICATION',30),(81,65,'MUTLIPLICATION',35),(82,41,'MUTLIPLICATION',12),(83,61,'MUTLIPLICATION',1),(84,26,'MUTLIPLICATION',24),(111,90,'MUTLIPLICATION',84),(112,90,'MUTLIPLICATION',60),(113,99,'MUTLIPLICATION',96),(114,78,'MUTLIPLICATION',5),(115,47,'MUTLIPLICATION',64),(116,31,'MUTLIPLICATION',73),(117,63,'MUTLIPLICATION',47),(118,91,'MUTLIPLICATION',76),(119,24,'MUTLIPLICATION',63),(120,49,'MUTLIPLICATION',7),(121,88,'MUTLIPLICATION',43),(122,98,'MUTLIPLICATION',6),(123,35,'MUTLIPLICATION',44),(124,43,'MUTLIPLICATION',32),(125,35,'MUTLIPLICATION',15),(126,75,'MUTLIPLICATION',30),(127,6,'MUTLIPLICATION',37),(128,89,'MUTLIPLICATION',93),(129,10,'MUTLIPLICATION',11),(155,31,'MUTLIPLICATION',35),(156,100,'MUTLIPLICATION',19),(157,96,'MUTLIPLICATION',58),(158,9,'MUTLIPLICATION',100),(159,37,'MUTLIPLICATION',20),(160,32,'MUTLIPLICATION',68),(161,79,'MUTLIPLICATION',58),(162,70,'MUTLIPLICATION',36),(163,70,'MUTLIPLICATION',99),(164,15,'MUTLIPLICATION',9),(165,84,'MUTLIPLICATION',83),(166,27,'MUTLIPLICATION',45),(167,62,'MUTLIPLICATION',9),(168,83,'MUTLIPLICATION',71),(169,48,'MUTLIPLICATION',50),(170,68,'MUTLIPLICATION',77),(171,77,'MUTLIPLICATION',84),(172,4,'MUTLIPLICATION',88),(173,42,'MUTLIPLICATION',4),(174,63,'MUTLIPLICATION',40),(175,18,'MUTLIPLICATION',11),(176,13,'MUTLIPLICATION',69),(177,57,'MUTLIPLICATION',6),(203,57,'MUTLIPLICATION',49),(204,6,'MUTLIPLICATION',53),(205,41,'MUTLIPLICATION',24),(206,49,'MUTLIPLICATION',71),(207,37,'MUTLIPLICATION',12),(208,77,'MUTLIPLICATION',42),(209,90,'MUTLIPLICATION',10),(210,79,'MUTLIPLICATION',70),(211,62,'MUTLIPLICATION',67),(212,14,'MUTLIPLICATION',71),(213,43,'MUTLIPLICATION',81),(214,31,'MUTLIPLICATION',6),(215,37,'MUTLIPLICATION',69),(216,29,'MUTLIPLICATION',85),(217,35,'MUTLIPLICATION',44),(218,31,'MUTLIPLICATION',45),(219,16,'MUTLIPLICATION',100),(220,79,'MUTLIPLICATION',81),(221,1,'MUTLIPLICATION',30),(222,2,'MUTLIPLICATION',29),(223,49,'MUTLIPLICATION',95),(224,81,'MUTLIPLICATION',91),(225,32,'MUTLIPLICATION',77),(226,52,'MUTLIPLICATION',14),(252,80,'MUTLIPLICATION',67),(253,81,'MUTLIPLICATION',63),(254,87,'MUTLIPLICATION',95),(255,37,'MUTLIPLICATION',55),(256,20,'MUTLIPLICATION',25),(257,10,'MUTLIPLICATION',12),(258,85,'MUTLIPLICATION',72),(259,88,'MUTLIPLICATION',12),(260,99,'MUTLIPLICATION',74),(261,11,'MUTLIPLICATION',36),(262,49,'MUTLIPLICATION',39),(263,89,'MUTLIPLICATION',52),(264,62,'MUTLIPLICATION',13),(265,75,'MUTLIPLICATION',67),(266,36,'MUTLIPLICATION',19),(267,19,'MUTLIPLICATION',43),(268,49,'MUTLIPLICATION',38),(269,72,'MUTLIPLICATION',40),(270,71,'MUTLIPLICATION',71),(271,86,'MUTLIPLICATION',44),(272,88,'MUTLIPLICATION',90),(273,97,'MUTLIPLICATION',2),(299,22,'MUTLIPLICATION',41),(300,25,'MUTLIPLICATION',21),(301,29,'MUTLIPLICATION',65),(302,56,'MUTLIPLICATION',100),(303,90,'MUTLIPLICATION',91),(304,67,'MUTLIPLICATION',100),(305,71,'MUTLIPLICATION',23),(306,16,'MUTLIPLICATION',4),(307,19,'MUTLIPLICATION',66),(308,85,'MUTLIPLICATION',65),(309,88,'MUTLIPLICATION',92),(310,74,'MUTLIPLICATION',5),(311,90,'MUTLIPLICATION',79),(312,57,'MUTLIPLICATION',69),(313,16,'MUTLIPLICATION',99),(314,16,'MUTLIPLICATION',79),(315,16,'MUTLIPLICATION',95),(316,26,'MUTLIPLICATION',37),(317,98,'MUTLIPLICATION',86),(318,27,'MUTLIPLICATION',74),(319,61,'MUTLIPLICATION',65),(320,65,'MUTLIPLICATION',77),(321,6,'MUTLIPLICATION',62),(322,6,'MUTLIPLICATION',79),(323,34,'MUTLIPLICATION',37),(349,30,'MUTLIPLICATION',3),(350,2,'MUTLIPLICATION',49),(351,82,'MUTLIPLICATION',50),(352,96,'MUTLIPLICATION',12),(353,72,'MUTLIPLICATION',87),(354,7,'MUTLIPLICATION',63),(355,83,'MUTLIPLICATION',57),(356,43,'MUTLIPLICATION',50),(357,38,'MUTLIPLICATION',14),(358,27,'MUTLIPLICATION',86),(359,2,'MUTLIPLICATION',56),(360,68,'MUTLIPLICATION',27),(361,58,'MUTLIPLICATION',87),(362,74,'MUTLIPLICATION',48),(363,25,'MUTLIPLICATION',1),(364,80,'MUTLIPLICATION',10),(365,13,'MUTLIPLICATION',78),(366,9,'MUTLIPLICATION',50),(367,61,'MUTLIPLICATION',52),(368,89,'MUTLIPLICATION',54),(369,57,'MUTLIPLICATION',41),(370,60,'MUTLIPLICATION',1),(371,53,'MUTLIPLICATION',79),(372,94,'MUTLIPLICATION',6),(398,82,'MUTLIPLICATION',55),(399,66,'MUTLIPLICATION',4),(400,11,'MUTLIPLICATION',29),(401,64,'MUTLIPLICATION',91),(402,88,'MUTLIPLICATION',32),(403,1,'MUTLIPLICATION',52),(404,88,'MUTLIPLICATION',48),(405,24,'MUTLIPLICATION',87),(406,74,'MUTLIPLICATION',42),(407,24,'MUTLIPLICATION',32),(408,93721,'ADDITION',36913),(409,31148,'ADDITION',71495),(410,70181,'ADDITION',36474),(411,80735,'ADDITION',54837),(412,51855,'ADDITION',89965),(413,258,'DIVISION',6),(414,14,'DIVISION',2),(415,108,'DIVISION',3),(416,385,'DIVISION',7),(417,130,'DIVISION',5),(418,60,'DIVISION',3),(419,88359,'SUBTRACTION',14949),(420,87639,'SUBTRACTION',77592),(421,11873,'SUBTRACTION',11487),(422,36371,'SUBTRACTION',10418),(448,83,'MUTLIPLICATION',24),(449,66,'MUTLIPLICATION',47),(450,77,'MUTLIPLICATION',5),(451,61,'MUTLIPLICATION',3),(452,97,'MUTLIPLICATION',76),(453,81,'MUTLIPLICATION',60),(454,100,'MUTLIPLICATION',16),(455,5,'MUTLIPLICATION',6),(456,48,'MUTLIPLICATION',68),(457,13,'MUTLIPLICATION',97),(458,6,'MUTLIPLICATION',3),(459,65,'MUTLIPLICATION',97),(460,67,'MUTLIPLICATION',94),(461,81,'MUTLIPLICATION',48),(462,70,'MUTLIPLICATION',61),(463,64,'MUTLIPLICATION',28),(464,79,'MUTLIPLICATION',19),(465,36,'MUTLIPLICATION',51),(466,10,'MUTLIPLICATION',71),(467,84,'MUTLIPLICATION',69),(468,10,'MUTLIPLICATION',54),(469,84,'MUTLIPLICATION',26),(470,70,'MUTLIPLICATION',35),(496,29,'MUTLIPLICATION',80),(497,95,'MUTLIPLICATION',98),(498,53,'MUTLIPLICATION',5),(499,28,'MUTLIPLICATION',42),(500,93,'MUTLIPLICATION',21),(501,50,'MUTLIPLICATION',12),(502,83,'MUTLIPLICATION',73),(503,56,'MUTLIPLICATION',89),(504,56,'MUTLIPLICATION',3),(505,49,'MUTLIPLICATION',97),(506,47,'MUTLIPLICATION',10),(507,46,'MUTLIPLICATION',5),(508,70,'MUTLIPLICATION',12),(509,13,'MUTLIPLICATION',7),(510,100,'MUTLIPLICATION',16),(511,64,'MUTLIPLICATION',53),(512,15,'MUTLIPLICATION',63),(513,13,'MUTLIPLICATION',13),(514,20,'MUTLIPLICATION',32),(515,90,'MUTLIPLICATION',3),(516,45,'MUTLIPLICATION',57),(517,38,'MUTLIPLICATION',99),(518,9,'MUTLIPLICATION',13),(519,70,'MUTLIPLICATION',13),(520,38,'MUTLIPLICATION',55),(546,79,'MUTLIPLICATION',56),(547,43,'MUTLIPLICATION',9),(548,93,'MUTLIPLICATION',53),(549,25,'MUTLIPLICATION',91),(550,35,'MUTLIPLICATION',8),(551,93,'MUTLIPLICATION',53),(552,45,'MUTLIPLICATION',50),(553,73,'MUTLIPLICATION',89),(554,39,'MUTLIPLICATION',80),(555,72,'MUTLIPLICATION',69),(556,16,'MUTLIPLICATION',62),(557,32,'MUTLIPLICATION',49),(558,50,'MUTLIPLICATION',97),(559,69,'MUTLIPLICATION',46),(560,78,'MUTLIPLICATION',85),(561,78,'MUTLIPLICATION',24),(562,85,'MUTLIPLICATION',77),(563,64,'MUTLIPLICATION',45),(564,34,'MUTLIPLICATION',66),(565,10,'MUTLIPLICATION',5),(566,62,'MUTLIPLICATION',45),(592,77,'MUTLIPLICATION',99),(593,46,'MUTLIPLICATION',81),(594,2,'MUTLIPLICATION',8),(595,24,'MUTLIPLICATION',55),(596,8,'MUTLIPLICATION',22),(597,34,'MUTLIPLICATION',91),(598,59,'MUTLIPLICATION',15),(599,42,'MUTLIPLICATION',30),(600,56,'MUTLIPLICATION',89),(601,76,'MUTLIPLICATION',32),(602,16,'MUTLIPLICATION',32),(603,85,'MUTLIPLICATION',80),(604,86,'MUTLIPLICATION',81),(605,93,'MUTLIPLICATION',26),(606,13,'MUTLIPLICATION',29),(607,82,'MUTLIPLICATION',84),(608,4,'MUTLIPLICATION',75),(609,80,'MUTLIPLICATION',36),(610,22,'MUTLIPLICATION',89),(611,93,'MUTLIPLICATION',75),(612,37,'MUTLIPLICATION',1),(613,56,'MUTLIPLICATION',55),(614,76,'MUTLIPLICATION',91),(615,10,'MUTLIPLICATION',13),(641,25,'MUTLIPLICATION',89),(642,3,'MUTLIPLICATION',93),(643,88,'MUTLIPLICATION',1),(644,99,'MUTLIPLICATION',59),(645,62,'MUTLIPLICATION',19),(646,56,'MUTLIPLICATION',54),(647,49,'MUTLIPLICATION',73),(648,93,'MUTLIPLICATION',64),(649,36,'MUTLIPLICATION',79),(650,42,'MUTLIPLICATION',20),(651,35,'MUTLIPLICATION',24),(652,98,'MUTLIPLICATION',68),(653,59,'MUTLIPLICATION',19),(654,72,'MUTLIPLICATION',59),(655,60,'MUTLIPLICATION',18),(656,90,'MUTLIPLICATION',4),(657,93,'MUTLIPLICATION',51),(658,38,'MUTLIPLICATION',50),(659,57,'MUTLIPLICATION',96),(660,93,'MUTLIPLICATION',17),(661,3,'MUTLIPLICATION',24),(662,67,'MUTLIPLICATION',76),(663,66,'MUTLIPLICATION',21),(664,87,'MUTLIPLICATION',76),(665,94,'MUTLIPLICATION',83);
/*!40000 ALTER TABLE `question` ENABLE KEYS */;
UNLOCK TABLES;

--
-- Table structure for table `result`
--

DROP TABLE IF EXISTS `result`;
/*!40101 SET @saved_cs_client     = @@character_set_client */;
/*!50503 SET character_set_client = utf8mb4 */;
CREATE TABLE `result` (
  `id` bigint NOT NULL,
  `correct_answer` bigint NOT NULL,
  `question_id` bigint NOT NULL,
  `question_set` varchar(255) NOT NULL,
  `submitted_answer` bigint NOT NULL,
  `submitted_at` datetime(6) NOT NULL,
  `user_id` bigint NOT NULL,
  PRIMARY KEY (`id`)
) ENGINE=InnoDB DEFAULT CHARSET=utf8mb4 COLLATE=utf8mb4_0900_ai_ci;
/*!40101 SET character_set_client = @saved_cs_client */;

--
-- Dumping data for table `result`
--

LOCK TABLES `result` WRITE;
/*!40000 ALTER TABLE `result` DISABLE KEYS */;
INSERT INTO `result` VALUES (85,624,84,'d23b4014-c5b7-4faf-aca6-c4a732427502',624,'2020-08-30 09:16:18.544580',59),(86,61,83,'d23b4014-c5b7-4faf-aca6-c4a732427502',61,'2020-08-30 09:16:18.554916',59),(87,492,82,'d23b4014-c5b7-4faf-aca6-c4a732427502',492,'2020-08-30 09:16:18.562560',59),(88,2275,81,'d23b4014-c5b7-4faf-aca6-c4a732427502',2275,'2020-08-30 09:16:18.571198',59),(89,870,80,'d23b4014-c5b7-4faf-aca6-c4a732427502',879,'2020-08-30 09:16:18.579726',59),(90,414,79,'d23b4014-c5b7-4faf-aca6-c4a732427502',414,'2020-08-30 09:16:18.588167',59),(91,480,78,'d23b4014-c5b7-4faf-aca6-c4a732427502',480,'2020-08-30 09:16:18.598036',59),(92,4888,77,'d23b4014-c5b7-4faf-aca6-c4a732427502',4888,'2020-08-30 09:16:18.606556',59),(93,2847,76,'d23b4014-c5b7-4faf-aca6-c4a732427502',2847,'2020-08-30 09:16:18.614798',59),(94,7626,75,'d23b4014-c5b7-4faf-aca6-c4a732427502',7626,'2020-08-30 09:16:18.625807',59),(95,1305,74,'d23b4014-c5b7-4faf-aca6-c4a732427502',1260,'2020-08-30 09:16:18.631692',59),(96,1218,73,'d23b4014-c5b7-4faf-aca6-c4a732427502',1216,'2020-08-30 09:16:18.638594',59),(97,7500,72,'d23b4014-c5b7-4faf-aca6-c4a732427502',750,'2020-08-30 09:16:18.646459',59),(98,4788,71,'d23b4014-c5b7-4faf-aca6-c4a732427502',4768,'2020-08-30 09:16:18.655095',59),(99,432,70,'d23b4014-c5b7-4faf-aca6-c4a732427502',432,'2020-08-30 09:16:18.664942',59),(100,814,69,'d23b4014-c5b7-4faf-aca6-c4a732427502',814,'2020-08-30 09:16:18.672756',59),(101,588,68,'d23b4014-c5b7-4faf-aca6-c4a732427502',588,'2020-08-30 09:16:18.680733',59),(102,1518,67,'d23b4014-c5b7-4faf-aca6-c4a732427502',1518,'2020-08-30 09:16:18.693596',59),(103,1599,66,'d23b4014-c5b7-4faf-aca6-c4a732427502',1599,'2020-08-30 09:16:18.698570',59),(104,7238,65,'d23b4014-c5b7-4faf-aca6-c4a732427502',7623,'2020-08-30 09:16:18.707156',59),(105,188,64,'d23b4014-c5b7-4faf-aca6-c4a732427502',188,'2020-08-30 09:16:18.712823',59),(106,3422,63,'d23b4014-c5b7-4faf-aca6-c4a732427502',3422,'2020-08-30 09:16:18.717993',59),(107,2210,62,'d23b4014-c5b7-4faf-aca6-c4a732427502',2210,'2020-08-30 09:16:18.724205',59),(108,6110,61,'d23b4014-c5b7-4faf-aca6-c4a732427502',6110,'2020-08-30 09:16:18.729474',59),(109,5369,60,'d23b4014-c5b7-4faf-aca6-c4a732427502',5369,'2020-08-30 09:16:18.734397',59),(130,870,80,'3dc97ed5-f2fb-479c-865a-6d594bdd5be0',870,'2020-08-30 09:47:58.781844',110),(131,1305,74,'3dc97ed5-f2fb-479c-865a-6d594bdd5be0',1305,'2020-08-30 09:47:58.784920',110),(132,1218,73,'3dc97ed5-f2fb-479c-865a-6d594bdd5be0',1218,'2020-08-30 09:47:58.788767',110),(133,7500,72,'3dc97ed5-f2fb-479c-865a-6d594bdd5be0',7500,'2020-08-30 09:47:58.793388',110),(134,4788,71,'3dc97ed5-f2fb-479c-865a-6d594bdd5be0',4788,'2020-08-30 09:47:58.796997',110),(135,7238,65,'3dc97ed5-f2fb-479c-865a-6d594bdd5be0',7238,'2020-08-30 09:47:58.800780',110),(136,110,129,'3dc97ed5-f2fb-479c-865a-6d594bdd5be0',110,'2020-08-30 09:47:58.804054',110),(137,8277,128,'3dc97ed5-f2fb-479c-865a-6d594bdd5be0',8277,'2020-08-30 09:47:58.810752',110),(138,222,127,'3dc97ed5-f2fb-479c-865a-6d594bdd5be0',222,'2020-08-30 09:47:58.814933',110),(139,2250,126,'3dc97ed5-f2fb-479c-865a-6d594bdd5be0',2250,'2020-08-30 09:47:58.818432',110),(140,525,125,'3dc97ed5-f2fb-479c-865a-6d594bdd5be0',525,'2020-08-30 09:47:58.821861',110),(141,1376,124,'3dc97ed5-f2fb-479c-865a-6d594bdd5be0',1376,'2020-08-30 09:47:58.827712',110),(142,1540,123,'3dc97ed5-f2fb-479c-865a-6d594bdd5be0',1540,'2020-08-30 09:47:58.831763',110),(143,588,122,'3dc97ed5-f2fb-479c-865a-6d594bdd5be0',588,'2020-08-30 09:47:58.835391',110),(144,3784,121,'3dc97ed5-f2fb-479c-865a-6d594bdd5be0',3784,'2020-08-30 09:47:58.840759',110),(145,343,120,'3dc97ed5-f2fb-479c-865a-6d594bdd5be0',343,'2020-08-30 09:47:58.845941',110),(146,1512,119,'3dc97ed5-f2fb-479c-865a-6d594bdd5be0',1827,'2020-08-30 09:47:58.850439',110),(147,6916,118,'3dc97ed5-f2fb-479c-865a-6d594bdd5be0',6916,'2020-08-30 09:47:58.854045',110),(148,2961,117,'3dc97ed5-f2fb-479c-865a-6d594bdd5be0',2961,'2020-08-30 09:47:58.858101',110),(149,2263,116,'3dc97ed5-f2fb-479c-865a-6d594bdd5be0',2363,'2020-08-30 09:47:58.862639',110),(150,3008,115,'3dc97ed5-f2fb-479c-865a-6d594bdd5be0',3008,'2020-08-30 09:47:58.866327',110),(151,390,114,'3dc97ed5-f2fb-479c-865a-6d594bdd5be0',390,'2020-08-30 09:47:58.870433',110),(152,9504,113,'3dc97ed5-f2fb-479c-865a-6d594bdd5be0',9504,'2020-08-30 09:47:58.875149',110),(153,5400,112,'3dc97ed5-f2fb-479c-865a-6d594bdd5be0',5400,'2020-08-30 09:47:58.879587',110),(154,7560,111,'3dc97ed5-f2fb-479c-865a-6d594bdd5be0',7560,'2020-08-30 09:47:58.883669',110),(178,1512,119,'5b09bc16-be4f-40ea-9d71-67d307c1fc63',1372,'2020-08-31 15:55:46.476897',110),(179,2263,116,'5b09bc16-be4f-40ea-9d71-67d307c1fc63',2263,'2020-08-31 15:55:46.485298',110),(180,342,177,'5b09bc16-be4f-40ea-9d71-67d307c1fc63',342,'2020-08-31 15:55:46.489922',110),(181,897,176,'5b09bc16-be4f-40ea-9d71-67d307c1fc63',897,'2020-08-31 15:55:46.496114',110),(182,198,175,'5b09bc16-be4f-40ea-9d71-67d307c1fc63',198,'2020-08-31 15:55:46.505354',110),(183,2520,174,'5b09bc16-be4f-40ea-9d71-67d307c1fc63',2520,'2020-08-31 15:55:46.511252',110),(184,168,173,'5b09bc16-be4f-40ea-9d71-67d307c1fc63',168,'2020-08-31 15:55:46.517724',110),(185,352,172,'5b09bc16-be4f-40ea-9d71-67d307c1fc63',352,'2020-08-31 15:55:46.524134',110),(186,6468,171,'5b09bc16-be4f-40ea-9d71-67d307c1fc63',6468,'2020-08-31 15:55:46.530219',110),(187,5236,170,'5b09bc16-be4f-40ea-9d71-67d307c1fc63',5236,'2020-08-31 15:55:46.539156',110),(188,2400,169,'5b09bc16-be4f-40ea-9d71-67d307c1fc63',2400,'2020-08-31 15:55:46.544621',110),(189,5893,168,'5b09bc16-be4f-40ea-9d71-67d307c1fc63',5893,'2020-08-31 15:55:46.551720',110),(190,558,167,'5b09bc16-be4f-40ea-9d71-67d307c1fc63',558,'2020-08-31 15:55:46.557896',110),(191,1215,166,'5b09bc16-be4f-40ea-9d71-67d307c1fc63',1215,'2020-08-31 15:55:46.562737',110),(192,6972,165,'5b09bc16-be4f-40ea-9d71-67d307c1fc63',6972,'2020-08-31 15:55:46.570813',110),(193,135,164,'5b09bc16-be4f-40ea-9d71-67d307c1fc63',135,'2020-08-31 15:55:46.575283',110),(194,6930,163,'5b09bc16-be4f-40ea-9d71-67d307c1fc63',6930,'2020-08-31 15:55:46.579633',110),(195,2520,162,'5b09bc16-be4f-40ea-9d71-67d307c1fc63',2520,'2020-08-31 15:55:46.583773',110),(196,4582,161,'5b09bc16-be4f-40ea-9d71-67d307c1fc63',4582,'2020-08-31 15:55:46.587642',110),(197,2176,160,'5b09bc16-be4f-40ea-9d71-67d307c1fc63',2176,'2020-08-31 15:55:46.591640',110),(198,740,159,'5b09bc16-be4f-40ea-9d71-67d307c1fc63',740,'2020-08-31 15:55:46.595991',110),(199,900,158,'5b09bc16-be4f-40ea-9d71-67d307c1fc63',900,'2020-08-31 15:55:46.604833',110),(200,5568,157,'5b09bc16-be4f-40ea-9d71-67d307c1fc63',5568,'2020-08-31 15:55:46.609263',110),(201,1900,156,'5b09bc16-be4f-40ea-9d71-67d307c1fc63',1900,'2020-08-31 15:55:46.614211',110),(202,1085,155,'5b09bc16-be4f-40ea-9d71-67d307c1fc63',1085,'2020-08-31 15:55:46.617923',110),(227,1512,119,'411dfec7-55ae-41b9-bede-0caa1e7fdae5',1512,'2020-08-31 16:31:34.295401',59),(228,728,226,'411dfec7-55ae-41b9-bede-0caa1e7fdae5',728,'2020-08-31 16:31:34.303811',59),(229,2464,225,'411dfec7-55ae-41b9-bede-0caa1e7fdae5',2464,'2020-08-31 16:31:34.313157',59),(230,7371,224,'411dfec7-55ae-41b9-bede-0caa1e7fdae5',7371,'2020-08-31 16:31:34.318653',59),(231,4655,223,'411dfec7-55ae-41b9-bede-0caa1e7fdae5',4655,'2020-08-31 16:31:34.323754',59),(232,58,222,'411dfec7-55ae-41b9-bede-0caa1e7fdae5',58,'2020-08-31 16:31:34.328662',59),(233,30,221,'411dfec7-55ae-41b9-bede-0caa1e7fdae5',30,'2020-08-31 16:31:34.333388',59),(234,6399,220,'411dfec7-55ae-41b9-bede-0caa1e7fdae5',6399,'2020-08-31 16:31:34.341883',59),(235,1600,219,'411dfec7-55ae-41b9-bede-0caa1e7fdae5',1600,'2020-08-31 16:31:34.347645',59),(236,1395,218,'411dfec7-55ae-41b9-bede-0caa1e7fdae5',1395,'2020-08-31 16:31:34.355271',59),(237,1540,217,'411dfec7-55ae-41b9-bede-0caa1e7fdae5',1540,'2020-08-31 16:31:34.362185',59),(238,2465,216,'411dfec7-55ae-41b9-bede-0caa1e7fdae5',2463,'2020-08-31 16:31:34.367066',59),(239,2553,215,'411dfec7-55ae-41b9-bede-0caa1e7fdae5',2553,'2020-08-31 16:31:34.372866',59),(240,186,214,'411dfec7-55ae-41b9-bede-0caa1e7fdae5',186,'2020-08-31 16:31:34.380068',59),(241,3483,213,'411dfec7-55ae-41b9-bede-0caa1e7fdae5',3483,'2020-08-31 16:31:34.386029',59),(242,994,212,'411dfec7-55ae-41b9-bede-0caa1e7fdae5',994,'2020-08-31 16:31:34.395329',59),(243,4154,211,'411dfec7-55ae-41b9-bede-0caa1e7fdae5',4154,'2020-08-31 16:31:34.401146',59),(244,5530,210,'411dfec7-55ae-41b9-bede-0caa1e7fdae5',5609,'2020-08-31 16:31:34.406927',59),(245,900,209,'411dfec7-55ae-41b9-bede-0caa1e7fdae5',900,'2020-08-31 16:31:34.412690',59),(246,3234,208,'411dfec7-55ae-41b9-bede-0caa1e7fdae5',3234,'2020-08-31 16:31:34.418807',59),(247,444,207,'411dfec7-55ae-41b9-bede-0caa1e7fdae5',544,'2020-08-31 16:31:34.430199',59),(248,3479,206,'411dfec7-55ae-41b9-bede-0caa1e7fdae5',3479,'2020-08-31 16:31:34.435827',59),(249,984,205,'411dfec7-55ae-41b9-bede-0caa1e7fdae5',984,'2020-08-31 16:31:34.443228',59),(250,318,204,'411dfec7-55ae-41b9-bede-0caa1e7fdae5',318,'2020-08-31 16:31:34.448368',59),(251,2793,203,'411dfec7-55ae-41b9-bede-0caa1e7fdae5',2793,'2020-08-31 16:31:34.456618',59),(274,2465,216,'cdf4455b-d437-4db4-a7b6-3e152ed6ab84',2465,'2020-09-01 15:59:37.751158',110),(275,5530,210,'cdf4455b-d437-4db4-a7b6-3e152ed6ab84',5530,'2020-09-01 15:59:37.762467',110),(276,444,207,'cdf4455b-d437-4db4-a7b6-3e152ed6ab84',444,'2020-09-01 15:59:37.768018',110),(277,194,273,'cdf4455b-d437-4db4-a7b6-3e152ed6ab84',194,'2020-09-01 15:59:37.779191',110),(278,7920,272,'cdf4455b-d437-4db4-a7b6-3e152ed6ab84',7920,'2020-09-01 15:59:37.785691',110),(279,3784,271,'cdf4455b-d437-4db4-a7b6-3e152ed6ab84',3784,'2020-09-01 15:59:37.789743',110),(280,5041,270,'cdf4455b-d437-4db4-a7b6-3e152ed6ab84',5041,'2020-09-01 15:59:37.794643',110),(281,2880,269,'cdf4455b-d437-4db4-a7b6-3e152ed6ab84',2880,'2020-09-01 15:59:37.800012',110),(282,1862,268,'cdf4455b-d437-4db4-a7b6-3e152ed6ab84',1862,'2020-09-01 15:59:37.811312',110),(283,817,267,'cdf4455b-d437-4db4-a7b6-3e152ed6ab84',817,'2020-09-01 15:59:37.817550',110),(284,684,266,'cdf4455b-d437-4db4-a7b6-3e152ed6ab84',684,'2020-09-01 15:59:37.823757',110),(285,5025,265,'cdf4455b-d437-4db4-a7b6-3e152ed6ab84',5025,'2020-09-01 15:59:37.830358',110),(286,806,264,'cdf4455b-d437-4db4-a7b6-3e152ed6ab84',806,'2020-09-01 15:59:37.841270',110),(287,4628,263,'cdf4455b-d437-4db4-a7b6-3e152ed6ab84',4628,'2020-09-01 15:59:37.846927',110),(288,1911,262,'cdf4455b-d437-4db4-a7b6-3e152ed6ab84',1911,'2020-09-01 15:59:37.852072',110),(289,396,261,'cdf4455b-d437-4db4-a7b6-3e152ed6ab84',396,'2020-09-01 15:59:37.856767',110),(290,7326,260,'cdf4455b-d437-4db4-a7b6-3e152ed6ab84',7326,'2020-09-01 15:59:37.861684',110),(291,1056,259,'cdf4455b-d437-4db4-a7b6-3e152ed6ab84',1056,'2020-09-01 15:59:37.866595',110),(292,6120,258,'cdf4455b-d437-4db4-a7b6-3e152ed6ab84',6120,'2020-09-01 15:59:37.876931',110),(293,120,257,'cdf4455b-d437-4db4-a7b6-3e152ed6ab84',120,'2020-09-01 15:59:37.882718',110),(294,500,256,'cdf4455b-d437-4db4-a7b6-3e152ed6ab84',500,'2020-09-01 15:59:37.887461',110),(295,2035,255,'cdf4455b-d437-4db4-a7b6-3e152ed6ab84',2035,'2020-09-01 15:59:37.891660',110),(296,8265,254,'cdf4455b-d437-4db4-a7b6-3e152ed6ab84',8265,'2020-09-01 15:59:37.896604',110),(297,5103,253,'cdf4455b-d437-4db4-a7b6-3e152ed6ab84',5103,'2020-09-01 15:59:37.902123',110),(298,5360,252,'cdf4455b-d437-4db4-a7b6-3e152ed6ab84',5360,'2020-09-01 15:59:37.910185',110),(324,1258,323,'4b100ff9-1a36-42a7-b981-2b7706946fcf',1258,'2020-09-01 19:11:56.001932',59),(325,474,322,'4b100ff9-1a36-42a7-b981-2b7706946fcf',474,'2020-09-01 19:11:56.011050',59),(326,372,321,'4b100ff9-1a36-42a7-b981-2b7706946fcf',372,'2020-09-01 19:11:56.020096',59),(327,5005,320,'4b100ff9-1a36-42a7-b981-2b7706946fcf',5005,'2020-09-01 19:11:56.026445',59),(328,3965,319,'4b100ff9-1a36-42a7-b981-2b7706946fcf',3965,'2020-09-01 19:11:56.035722',59),(329,1998,318,'4b100ff9-1a36-42a7-b981-2b7706946fcf',2408,'2020-09-01 19:11:56.042421',59),(330,8428,317,'4b100ff9-1a36-42a7-b981-2b7706946fcf',8428,'2020-09-01 19:11:56.048864',59),(331,962,316,'4b100ff9-1a36-42a7-b981-2b7706946fcf',962,'2020-09-01 19:11:56.054508',59),(332,1520,315,'4b100ff9-1a36-42a7-b981-2b7706946fcf',1520,'2020-09-01 19:11:56.062341',59),(333,1264,314,'4b100ff9-1a36-42a7-b981-2b7706946fcf',1264,'2020-09-01 19:11:56.069022',59),(334,1584,313,'4b100ff9-1a36-42a7-b981-2b7706946fcf',1584,'2020-09-01 19:11:56.075034',59),(335,3933,312,'4b100ff9-1a36-42a7-b981-2b7706946fcf',3933,'2020-09-01 19:11:56.080122',59),(336,7110,311,'4b100ff9-1a36-42a7-b981-2b7706946fcf',7110,'2020-09-01 19:11:56.085228',59),(337,370,310,'4b100ff9-1a36-42a7-b981-2b7706946fcf',370,'2020-09-01 19:11:56.090514',59),(338,8096,309,'4b100ff9-1a36-42a7-b981-2b7706946fcf',8096,'2020-09-01 19:11:56.100674',59),(339,5525,308,'4b100ff9-1a36-42a7-b981-2b7706946fcf',5525,'2020-09-01 19:11:56.106594',59),(340,1254,307,'4b100ff9-1a36-42a7-b981-2b7706946fcf',1254,'2020-09-01 19:11:56.112431',59),(341,64,306,'4b100ff9-1a36-42a7-b981-2b7706946fcf',64,'2020-09-01 19:11:56.118163',59),(342,1633,305,'4b100ff9-1a36-42a7-b981-2b7706946fcf',1633,'2020-09-01 19:11:56.123854',59),(343,6700,304,'4b100ff9-1a36-42a7-b981-2b7706946fcf',6700,'2020-09-01 19:11:56.132628',59),(344,8190,303,'4b100ff9-1a36-42a7-b981-2b7706946fcf',8190,'2020-09-01 19:11:56.139093',59),(345,5600,302,'4b100ff9-1a36-42a7-b981-2b7706946fcf',5600,'2020-09-01 19:11:56.144482',59),(346,1885,301,'4b100ff9-1a36-42a7-b981-2b7706946fcf',1885,'2020-09-01 19:11:56.149971',59),(347,525,300,'4b100ff9-1a36-42a7-b981-2b7706946fcf',525,'2020-09-01 19:11:56.155435',59),(348,902,299,'4b100ff9-1a36-42a7-b981-2b7706946fcf',902,'2020-09-01 19:11:56.165203',59),(373,1998,318,'ca89f97b-73cb-439e-8da4-c0414978f278',1998,'2020-09-02 18:02:39.760422',59),(374,90,349,'ca89f97b-73cb-439e-8da4-c0414978f278',90,'2020-09-02 18:02:39.768419',59),(375,98,350,'ca89f97b-73cb-439e-8da4-c0414978f278',98,'2020-09-02 18:02:39.774688',59),(376,4100,351,'ca89f97b-73cb-439e-8da4-c0414978f278',4100,'2020-09-02 18:02:39.781343',59),(377,1152,352,'ca89f97b-73cb-439e-8da4-c0414978f278',1152,'2020-09-02 18:02:39.790324',59),(378,6264,353,'ca89f97b-73cb-439e-8da4-c0414978f278',6264,'2020-09-02 18:02:39.795989',59),(379,441,354,'ca89f97b-73cb-439e-8da4-c0414978f278',441,'2020-09-02 18:02:39.801294',59),(380,4731,355,'ca89f97b-73cb-439e-8da4-c0414978f278',4721,'2020-09-02 18:02:39.806450',59),(381,2150,356,'ca89f97b-73cb-439e-8da4-c0414978f278',2150,'2020-09-02 18:02:39.811618',59),(382,532,357,'ca89f97b-73cb-439e-8da4-c0414978f278',532,'2020-09-02 18:02:39.820962',59),(383,2322,358,'ca89f97b-73cb-439e-8da4-c0414978f278',2222,'2020-09-02 18:02:39.827653',59),(384,112,359,'ca89f97b-73cb-439e-8da4-c0414978f278',112,'2020-09-02 18:02:39.833329',59),(385,1836,360,'ca89f97b-73cb-439e-8da4-c0414978f278',1836,'2020-09-02 18:02:39.838596',59),(386,5046,361,'ca89f97b-73cb-439e-8da4-c0414978f278',5046,'2020-09-02 18:02:39.843988',59),(387,3552,362,'ca89f97b-73cb-439e-8da4-c0414978f278',3552,'2020-09-02 18:02:39.849416',59),(388,25,363,'ca89f97b-73cb-439e-8da4-c0414978f278',25,'2020-09-02 18:02:39.857285',59),(389,800,364,'ca89f97b-73cb-439e-8da4-c0414978f278',800,'2020-09-02 18:02:39.861925',59),(390,1014,365,'ca89f97b-73cb-439e-8da4-c0414978f278',1014,'2020-09-02 18:02:39.867200',59),(391,450,366,'ca89f97b-73cb-439e-8da4-c0414978f278',450,'2020-09-02 18:02:39.871453',59),(392,3172,367,'ca89f97b-73cb-439e-8da4-c0414978f278',3172,'2020-09-02 18:02:39.876064',59),(393,4806,368,'ca89f97b-73cb-439e-8da4-c0414978f278',4806,'2020-09-02 18:02:39.881326',59),(394,2337,369,'ca89f97b-73cb-439e-8da4-c0414978f278',2337,'2020-09-02 18:02:39.888929',59),(395,60,370,'ca89f97b-73cb-439e-8da4-c0414978f278',60,'2020-09-02 18:02:39.893243',59),(396,4187,371,'ca89f97b-73cb-439e-8da4-c0414978f278',4187,'2020-09-02 18:02:39.898929',59),(397,564,372,'ca89f97b-73cb-439e-8da4-c0414978f278',564,'2020-09-02 18:02:39.906241',59),(423,4510,398,'6ead1bbd-9b31-429e-bbc4-e3d5c63c6f9b',4510,'2020-09-02 18:35:20.739870',110),(424,264,399,'6ead1bbd-9b31-429e-bbc4-e3d5c63c6f9b',264,'2020-09-02 18:35:20.747876',110),(425,319,400,'6ead1bbd-9b31-429e-bbc4-e3d5c63c6f9b',319,'2020-09-02 18:35:20.754840',110),(426,5824,401,'6ead1bbd-9b31-429e-bbc4-e3d5c63c6f9b',5824,'2020-09-02 18:35:20.760117',110),(427,2816,402,'6ead1bbd-9b31-429e-bbc4-e3d5c63c6f9b',2816,'2020-09-02 18:35:20.765059',110),(428,52,403,'6ead1bbd-9b31-429e-bbc4-e3d5c63c6f9b',52,'2020-09-02 18:35:20.774609',110),(429,4224,404,'6ead1bbd-9b31-429e-bbc4-e3d5c63c6f9b',4224,'2020-09-02 18:35:20.780843',110),(430,2088,405,'6ead1bbd-9b31-429e-bbc4-e3d5c63c6f9b',2088,'2020-09-02 18:35:20.786559',110),(431,3108,406,'6ead1bbd-9b31-429e-bbc4-e3d5c63c6f9b',3108,'2020-09-02 18:35:20.791476',110),(432,768,407,'6ead1bbd-9b31-429e-bbc4-e3d5c63c6f9b',768,'2020-09-02 18:35:20.796525',110),(433,130634,408,'6ead1bbd-9b31-429e-bbc4-e3d5c63c6f9b',130634,'2020-09-02 18:35:20.805123',110),(434,102643,409,'6ead1bbd-9b31-429e-bbc4-e3d5c63c6f9b',102643,'2020-09-02 18:35:20.811219',110),(435,106655,410,'6ead1bbd-9b31-429e-bbc4-e3d5c63c6f9b',106655,'2020-09-02 18:35:20.817088',110),(436,135572,411,'6ead1bbd-9b31-429e-bbc4-e3d5c63c6f9b',135572,'2020-09-02 18:35:20.824846',110),(437,141820,412,'6ead1bbd-9b31-429e-bbc4-e3d5c63c6f9b',141820,'2020-09-02 18:35:20.831529',110),(438,43,413,'6ead1bbd-9b31-429e-bbc4-e3d5c63c6f9b',43,'2020-09-02 18:35:20.840659',110),(439,7,414,'6ead1bbd-9b31-429e-bbc4-e3d5c63c6f9b',7,'2020-09-02 18:35:20.846356',110),(440,36,415,'6ead1bbd-9b31-429e-bbc4-e3d5c63c6f9b',36,'2020-09-02 18:35:20.852083',110),(441,55,416,'6ead1bbd-9b31-429e-bbc4-e3d5c63c6f9b',55,'2020-09-02 18:35:20.857658',110),(442,26,417,'6ead1bbd-9b31-429e-bbc4-e3d5c63c6f9b',26,'2020-09-02 18:35:20.863078',110),(443,20,418,'6ead1bbd-9b31-429e-bbc4-e3d5c63c6f9b',20,'2020-09-02 18:35:20.867339',110),(444,73410,419,'6ead1bbd-9b31-429e-bbc4-e3d5c63c6f9b',73410,'2020-09-02 18:35:20.874784',110),(445,10047,420,'6ead1bbd-9b31-429e-bbc4-e3d5c63c6f9b',10047,'2020-09-02 18:35:20.878731',110),(446,386,421,'6ead1bbd-9b31-429e-bbc4-e3d5c63c6f9b',386,'2020-09-02 18:35:20.883152',110),(447,25953,422,'6ead1bbd-9b31-429e-bbc4-e3d5c63c6f9b',25953,'2020-09-02 18:35:20.887477',110),(471,4731,355,'59134ea4-aee2-4f62-a09f-f80099740e0b',4731,'2020-09-03 14:00:22.005292',59),(472,2322,358,'59134ea4-aee2-4f62-a09f-f80099740e0b',2322,'2020-09-03 14:00:22.013356',59),(473,1992,448,'59134ea4-aee2-4f62-a09f-f80099740e0b',2092,'2020-09-03 14:00:22.019069',59),(474,3102,449,'59134ea4-aee2-4f62-a09f-f80099740e0b',3102,'2020-09-03 14:00:22.024979',59),(475,385,450,'59134ea4-aee2-4f62-a09f-f80099740e0b',385,'2020-09-03 14:00:22.032774',59),(476,183,451,'59134ea4-aee2-4f62-a09f-f80099740e0b',93,'2020-09-03 14:00:22.039870',59),(477,7372,452,'59134ea4-aee2-4f62-a09f-f80099740e0b',7372,'2020-09-03 14:00:22.046244',59),(478,4860,453,'59134ea4-aee2-4f62-a09f-f80099740e0b',4860,'2020-09-03 14:00:22.052619',59),(479,1600,454,'59134ea4-aee2-4f62-a09f-f80099740e0b',1600,'2020-09-03 14:00:22.058612',59),(480,30,455,'59134ea4-aee2-4f62-a09f-f80099740e0b',30,'2020-09-03 14:00:22.067958',59),(481,3264,456,'59134ea4-aee2-4f62-a09f-f80099740e0b',3264,'2020-09-03 14:00:22.073180',59),(482,1261,457,'59134ea4-aee2-4f62-a09f-f80099740e0b',1261,'2020-09-03 14:00:22.078501',59),(483,18,458,'59134ea4-aee2-4f62-a09f-f80099740e0b',18,'2020-09-03 14:00:22.084789',59),(484,6305,459,'59134ea4-aee2-4f62-a09f-f80099740e0b',6304,'2020-09-03 14:00:22.090227',59),(485,6298,460,'59134ea4-aee2-4f62-a09f-f80099740e0b',6298,'2020-09-03 14:00:22.097288',59),(486,3888,461,'59134ea4-aee2-4f62-a09f-f80099740e0b',3888,'2020-09-03 14:00:22.106021',59),(487,4270,462,'59134ea4-aee2-4f62-a09f-f80099740e0b',4270,'2020-09-03 14:00:22.111727',59),(488,1792,463,'59134ea4-aee2-4f62-a09f-f80099740e0b',1792,'2020-09-03 14:00:22.117936',59),(489,1501,464,'59134ea4-aee2-4f62-a09f-f80099740e0b',1438,'2020-09-03 14:00:22.123254',59),(490,1836,465,'59134ea4-aee2-4f62-a09f-f80099740e0b',1836,'2020-09-03 14:00:22.128932',59),(491,710,466,'59134ea4-aee2-4f62-a09f-f80099740e0b',710,'2020-09-03 14:00:22.137250',59),(492,5796,467,'59134ea4-aee2-4f62-a09f-f80099740e0b',5796,'2020-09-03 14:00:22.142529',59),(493,540,468,'59134ea4-aee2-4f62-a09f-f80099740e0b',540,'2020-09-03 14:00:22.149710',59),(494,2184,469,'59134ea4-aee2-4f62-a09f-f80099740e0b',2184,'2020-09-03 14:00:22.156458',59),(495,2450,470,'59134ea4-aee2-4f62-a09f-f80099740e0b',2450,'2020-09-03 14:00:22.161185',59),(521,2320,496,'70764319-fa1b-48ee-b0ab-4272769e40ab',2320,'2020-09-03 14:25:21.391436',110),(522,9310,497,'70764319-fa1b-48ee-b0ab-4272769e40ab',9310,'2020-09-03 14:25:21.397699',110),(523,265,498,'70764319-fa1b-48ee-b0ab-4272769e40ab',265,'2020-09-03 14:25:21.406451',110),(524,1176,499,'70764319-fa1b-48ee-b0ab-4272769e40ab',1176,'2020-09-03 14:25:21.409991',110),(525,1953,500,'70764319-fa1b-48ee-b0ab-4272769e40ab',1953,'2020-09-03 14:25:21.413550',110),(526,600,501,'70764319-fa1b-48ee-b0ab-4272769e40ab',600,'2020-09-03 14:25:21.418522',110),(527,6059,502,'70764319-fa1b-48ee-b0ab-4272769e40ab',6059,'2020-09-03 14:25:21.426877',110),(528,4984,503,'70764319-fa1b-48ee-b0ab-4272769e40ab',4984,'2020-09-03 14:25:21.431559',110),(529,168,504,'70764319-fa1b-48ee-b0ab-4272769e40ab',168,'2020-09-03 14:25:21.435300',110),(530,4753,505,'70764319-fa1b-48ee-b0ab-4272769e40ab',4753,'2020-09-03 14:25:21.438684',110),(531,470,506,'70764319-fa1b-48ee-b0ab-4272769e40ab',470,'2020-09-03 14:25:21.442375',110),(532,230,507,'70764319-fa1b-48ee-b0ab-4272769e40ab',230,'2020-09-03 14:25:21.446514',110),(533,840,508,'70764319-fa1b-48ee-b0ab-4272769e40ab',840,'2020-09-03 14:25:21.456654',110),(534,91,509,'70764319-fa1b-48ee-b0ab-4272769e40ab',91,'2020-09-03 14:25:21.461489',110),(535,1600,510,'70764319-fa1b-48ee-b0ab-4272769e40ab',1600,'2020-09-03 14:25:21.466497',110),(536,3392,511,'70764319-fa1b-48ee-b0ab-4272769e40ab',3392,'2020-09-03 14:25:21.471316',110),(537,945,512,'70764319-fa1b-48ee-b0ab-4272769e40ab',945,'2020-09-03 14:25:21.476098',110),(538,169,513,'70764319-fa1b-48ee-b0ab-4272769e40ab',169,'2020-09-03 14:25:21.482340',110),(539,640,514,'70764319-fa1b-48ee-b0ab-4272769e40ab',640,'2020-09-03 14:25:21.492772',110),(540,270,515,'70764319-fa1b-48ee-b0ab-4272769e40ab',270,'2020-09-03 14:25:21.497567',110),(541,2565,516,'70764319-fa1b-48ee-b0ab-4272769e40ab',2565,'2020-09-03 14:25:21.508575',110),(542,3762,517,'70764319-fa1b-48ee-b0ab-4272769e40ab',3762,'2020-09-03 14:25:21.513411',110),(543,117,518,'70764319-fa1b-48ee-b0ab-4272769e40ab',117,'2020-09-03 14:25:21.518737',110),(544,910,519,'70764319-fa1b-48ee-b0ab-4272769e40ab',910,'2020-09-03 14:25:21.523543',110),(545,2090,520,'70764319-fa1b-48ee-b0ab-4272769e40ab',2090,'2020-09-03 14:25:21.527417',110),(567,1992,448,'d5e9391e-8c5e-4445-bc20-409f4399422c',1992,'2020-09-03 14:54:38.330704',59),(568,183,451,'d5e9391e-8c5e-4445-bc20-409f4399422c',183,'2020-09-03 14:54:38.333990',59),(569,6305,459,'d5e9391e-8c5e-4445-bc20-409f4399422c',6305,'2020-09-03 14:54:38.337945',59),(570,1501,464,'d5e9391e-8c5e-4445-bc20-409f4399422c',1501,'2020-09-03 14:54:38.340810',59),(571,4424,546,'d5e9391e-8c5e-4445-bc20-409f4399422c',4424,'2020-09-03 14:54:38.343778',59),(572,387,547,'d5e9391e-8c5e-4445-bc20-409f4399422c',387,'2020-09-03 14:54:38.348016',59),(573,4929,548,'d5e9391e-8c5e-4445-bc20-409f4399422c',4929,'2020-09-03 14:54:38.355930',59),(574,2275,549,'d5e9391e-8c5e-4445-bc20-409f4399422c',2275,'2020-09-03 14:54:38.359105',59),(575,280,550,'d5e9391e-8c5e-4445-bc20-409f4399422c',280,'2020-09-03 14:54:38.362328',59),(576,4929,551,'d5e9391e-8c5e-4445-bc20-409f4399422c',4929,'2020-09-03 14:54:38.365554',59),(577,2250,552,'d5e9391e-8c5e-4445-bc20-409f4399422c',2250,'2020-09-03 14:54:38.368727',59),(578,6497,553,'d5e9391e-8c5e-4445-bc20-409f4399422c',6297,'2020-09-03 14:54:38.371545',59),(579,3120,554,'d5e9391e-8c5e-4445-bc20-409f4399422c',3120,'2020-09-03 14:54:38.374840',59),(580,4968,555,'d5e9391e-8c5e-4445-bc20-409f4399422c',4968,'2020-09-03 14:54:38.378015',59),(581,992,556,'d5e9391e-8c5e-4445-bc20-409f4399422c',992,'2020-09-03 14:54:38.382816',59),(582,1568,557,'d5e9391e-8c5e-4445-bc20-409f4399422c',1568,'2020-09-03 14:54:38.386609',59),(583,4850,558,'d5e9391e-8c5e-4445-bc20-409f4399422c',4850,'2020-09-03 14:54:38.389825',59),(584,3174,559,'d5e9391e-8c5e-4445-bc20-409f4399422c',3174,'2020-09-03 14:54:38.392346',59),(585,6630,560,'d5e9391e-8c5e-4445-bc20-409f4399422c',6630,'2020-09-03 14:54:38.394963',59),(586,1872,561,'d5e9391e-8c5e-4445-bc20-409f4399422c',1872,'2020-09-03 14:54:38.398381',59),(587,6545,562,'d5e9391e-8c5e-4445-bc20-409f4399422c',6545,'2020-09-03 14:54:38.401501',59),(588,2880,563,'d5e9391e-8c5e-4445-bc20-409f4399422c',2880,'2020-09-03 14:54:38.404582',59),(589,2244,564,'d5e9391e-8c5e-4445-bc20-409f4399422c',2244,'2020-09-03 14:54:38.407280',59),(590,50,565,'d5e9391e-8c5e-4445-bc20-409f4399422c',50,'2020-09-03 14:54:38.410090',59),(591,2790,566,'d5e9391e-8c5e-4445-bc20-409f4399422c',2790,'2020-09-03 14:54:38.412902',59),(616,6497,553,'65554ffa-463c-4b43-b297-a296d4936203',6497,'2020-09-04 17:49:09.031153',59),(617,7623,592,'65554ffa-463c-4b43-b297-a296d4936203',7623,'2020-09-04 17:49:09.039172',59),(618,3726,593,'65554ffa-463c-4b43-b297-a296d4936203',3726,'2020-09-04 17:49:09.048742',59),(619,16,594,'65554ffa-463c-4b43-b297-a296d4936203',16,'2020-09-04 17:49:09.055200',59),(620,1320,595,'65554ffa-463c-4b43-b297-a296d4936203',1320,'2020-09-04 17:49:09.060714',59),(621,176,596,'65554ffa-463c-4b43-b297-a296d4936203',176,'2020-09-04 17:49:09.065830',59),(622,3094,597,'65554ffa-463c-4b43-b297-a296d4936203',3094,'2020-09-04 17:49:09.071100',59),(623,885,598,'65554ffa-463c-4b43-b297-a296d4936203',3009,'2020-09-04 17:49:09.080007',59),(624,1260,599,'65554ffa-463c-4b43-b297-a296d4936203',1260,'2020-09-04 17:49:09.085653',59),(625,4984,600,'65554ffa-463c-4b43-b297-a296d4936203',4984,'2020-09-04 17:49:09.095427',59),(626,2432,601,'65554ffa-463c-4b43-b297-a296d4936203',2432,'2020-09-04 17:49:09.101790',59),(627,512,602,'65554ffa-463c-4b43-b297-a296d4936203',512,'2020-09-04 17:49:09.107650',59),(628,6800,603,'65554ffa-463c-4b43-b297-a296d4936203',6800,'2020-09-04 17:49:09.112447',59),(629,6966,604,'65554ffa-463c-4b43-b297-a296d4936203',6966,'2020-09-04 17:49:09.117345',59),(630,2418,605,'65554ffa-463c-4b43-b297-a296d4936203',2418,'2020-09-04 17:49:09.122082',59),(631,377,606,'65554ffa-463c-4b43-b297-a296d4936203',577,'2020-09-04 17:49:09.132071',59),(632,6888,607,'65554ffa-463c-4b43-b297-a296d4936203',6888,'2020-09-04 17:49:09.136752',59),(633,300,608,'65554ffa-463c-4b43-b297-a296d4936203',300,'2020-09-04 17:49:09.140791',59),(634,2880,609,'65554ffa-463c-4b43-b297-a296d4936203',2880,'2020-09-04 17:49:09.145266',59),(635,1958,610,'65554ffa-463c-4b43-b297-a296d4936203',1958,'2020-09-04 17:49:09.150205',59),(636,6975,611,'65554ffa-463c-4b43-b297-a296d4936203',6975,'2020-09-04 17:49:09.155292',59),(637,37,612,'65554ffa-463c-4b43-b297-a296d4936203',37,'2020-09-04 17:49:09.163404',59),(638,3080,613,'65554ffa-463c-4b43-b297-a296d4936203',3080,'2020-09-04 17:49:09.169109',59),(639,6916,614,'65554ffa-463c-4b43-b297-a296d4936203',6916,'2020-09-04 17:49:09.175881',59),(640,130,615,'65554ffa-463c-4b43-b297-a296d4936203',130,'2020-09-04 17:49:09.181865',59),(666,2225,641,'77302390-d8c2-4ce1-bbf3-22a625f9922d',2225,'2020-09-04 18:18:38.012278',110),(667,279,642,'77302390-d8c2-4ce1-bbf3-22a625f9922d',279,'2020-09-04 18:18:38.017611',110),(668,88,643,'77302390-d8c2-4ce1-bbf3-22a625f9922d',88,'2020-09-04 18:18:38.021343',110),(669,5841,644,'77302390-d8c2-4ce1-bbf3-22a625f9922d',5841,'2020-09-04 18:18:38.025378',110),(670,1178,645,'77302390-d8c2-4ce1-bbf3-22a625f9922d',1178,'2020-09-04 18:18:38.029545',110),(671,3024,646,'77302390-d8c2-4ce1-bbf3-22a625f9922d',3024,'2020-09-04 18:18:38.036863',110),(672,3577,647,'77302390-d8c2-4ce1-bbf3-22a625f9922d',3577,'2020-09-04 18:18:38.042992',110),(673,5952,648,'77302390-d8c2-4ce1-bbf3-22a625f9922d',5952,'2020-09-04 18:18:38.047008',110),(674,2844,649,'77302390-d8c2-4ce1-bbf3-22a625f9922d',2844,'2020-09-04 18:18:38.050305',110),(675,840,650,'77302390-d8c2-4ce1-bbf3-22a625f9922d',840,'2020-09-04 18:18:38.053957',110),(676,840,651,'77302390-d8c2-4ce1-bbf3-22a625f9922d',840,'2020-09-04 18:18:38.057922',110),(677,6664,652,'77302390-d8c2-4ce1-bbf3-22a625f9922d',6664,'2020-09-04 18:18:38.062134',110),(678,1121,653,'77302390-d8c2-4ce1-bbf3-22a625f9922d',1121,'2020-09-04 18:18:38.072095',110),(679,4248,654,'77302390-d8c2-4ce1-bbf3-22a625f9922d',4248,'2020-09-04 18:18:38.076348',110),(680,1080,655,'77302390-d8c2-4ce1-bbf3-22a625f9922d',1080,'2020-09-04 18:18:38.080678',110),(681,360,656,'77302390-d8c2-4ce1-bbf3-22a625f9922d',360,'2020-09-04 18:18:38.084988',110),(682,4743,657,'77302390-d8c2-4ce1-bbf3-22a625f9922d',4743,'2020-09-04 18:18:38.089115',110),(683,1900,658,'77302390-d8c2-4ce1-bbf3-22a625f9922d',1900,'2020-09-04 18:18:38.093828',110),(684,5472,659,'77302390-d8c2-4ce1-bbf3-22a625f9922d',5472,'2020-09-04 18:18:38.101674',110),(685,1581,660,'77302390-d8c2-4ce1-bbf3-22a625f9922d',1581,'2020-09-04 18:18:38.106444',110),(686,72,661,'77302390-d8c2-4ce1-bbf3-22a625f9922d',72,'2020-09-04 18:18:38.110978',110),(687,5092,662,'77302390-d8c2-4ce1-bbf3-22a625f9922d',5092,'2020-09-04 18:18:38.115064',110),(688,1386,663,'77302390-d8c2-4ce1-bbf3-22a625f9922d',1386,'2020-09-04 18:18:38.120038',110),(689,6612,664,'77302390-d8c2-4ce1-bbf3-22a625f9922d',6612,'2020-09-04 18:18:38.125527',110),(690,7802,665,'77302390-d8c2-4ce1-bbf3-22a625f9922d',7802,'2020-09-04 18:18:38.135261',110);
/*!40000 ALTER TABLE `result` ENABLE KEYS */;
UNLOCK TABLES;

--
-- Table structure for table `user`
--

DROP TABLE IF EXISTS `user`;
/*!40101 SET @saved_cs_client     = @@character_set_client */;
/*!50503 SET character_set_client = utf8mb4 */;
CREATE TABLE `user` (
  `id` bigint NOT NULL,
  `email` varchar(255) DEFAULT NULL,
  `name` varchar(255) DEFAULT NULL,
  PRIMARY KEY (`id`)
) ENGINE=InnoDB DEFAULT CHARSET=utf8mb4 COLLATE=utf8mb4_0900_ai_ci;
/*!40101 SET character_set_client = @saved_cs_client */;

--
-- Dumping data for table `user`
--

LOCK TABLES `user` WRITE;
/*!40000 ALTER TABLE `user` DISABLE KEYS */;
INSERT INTO `user` VALUES (59,'sarah.zach06@gmail.com','Sarah'),(110,'mariah.zach08@gmail.com','Mariah');
/*!40000 ALTER TABLE `user` ENABLE KEYS */;
UNLOCK TABLES;
/*!40103 SET TIME_ZONE=@OLD_TIME_ZONE */;

/*!40101 SET SQL_MODE=@OLD_SQL_MODE */;
/*!40014 SET FOREIGN_KEY_CHECKS=@OLD_FOREIGN_KEY_CHECKS */;
/*!40014 SET UNIQUE_CHECKS=@OLD_UNIQUE_CHECKS */;
/*!40101 SET CHARACTER_SET_CLIENT=@OLD_CHARACTER_SET_CLIENT */;
/*!40101 SET CHARACTER_SET_RESULTS=@OLD_CHARACTER_SET_RESULTS */;
/*!40101 SET COLLATION_CONNECTION=@OLD_COLLATION_CONNECTION */;
/*!40111 SET SQL_NOTES=@OLD_SQL_NOTES */;

-- Dump completed on 2020-09-05 18:03:24
